{"stats":{"minecraft:killed_by":{"iceandfire:sea_serpent":1},"minecraft:killed":{"born_in_chaos_v1:restless_spirit":1,"born_in_chaos_v1:zombie_lumberjack":5,"alexsmobs:raccoon":1,"minecraft:spider":1,"born_in_chaos_v1:siamese_skeletonsright":1,"born_in_chaos_v1:maggot":7,"minecraft:skeleton":1,"gnumus:gnumus_worker":3,"alexsmobs:leafcutter_ant":6,"minecraft:chicken":1,"gnumus:pitcher_mousse":1,"gnumus:gnumus_hunter":2,"alexsmobs:bison":1,"gnumus:gnumus_hunter_not_dispawn":3,"born_in_chaos_v1:spirit_guide":1,"minecraft:pig":6,"iceandfire:cyclops":1,"born_in_chaos_v1:spirit_guide_assistant":2,"vampirism:hunter":3,"born_in_chaos_v1:decrepit_skeleton":3,"minecraft:sheep":6,"born_in_chaos_v1:decaying_zombie":2,"minecraft:zombie":5,"iceandfire:ghost":2,"born_in_chaos_v1:corpse_fly":1,"born_in_chaos_v1:nightmare_stalker":1,"born_in_chaos_v1:door_knight":1,"minecraft:player":1,"iceandfire:sea_serpent":2},"minecraft:picked_up":{"minecraft:crafting_table":5,"minecraft:chicken":1,"gnumus:gnumus_claw":9,"minecraft:cooked_rabbit":1,"gnumus:baked_gnumus_clay_slab":2,"minecraft:string":1,"minecraft:raw_copper":2,"iceandfire:sea_serpent_scales_teal":12,"minecraft:iron_leggings":1,"ecologics:walnut_sapling":2,"minecraft:gold_nugget":676,"minecraft:poppy":1,"delightful:green_tea_leaf":1,"minecraft:mangrove_log":2,"minecraft:furnace":2,"minecraft:stick":3,"minecraft:raw_iron":59,"ecologics:walnut_log":8,"gnumus:juicy_meat":2,"sophisticatedbackpacks:backpack":2,"minecraft:porkchop":9,"tombstone:grave_dust":8,"minecraft:diorite":1,"born_in_chaos_v1:nightmare_claw":2,"born_in_chaos_v1:pieceofdarkmetal":3,"gnumus:grilled_juicy_meat":2,"minecraft:arrow":3,"iceandfire:cyclops_eye":1,"minecraft:rotten_flesh":9,"born_in_chaos_v1:wood_splitter_axe":1,"minecraft:hay_block":6,"alexsdelight:raw_bison":3,"gnumus:gnumus_chickpeas":6,"minecraft:gold_ingot":4,"autumnity:large_pumpkin_slice":1,"gnumus:mouse_skin":12,"minecraft:mutton":17,"minecraft:bone_block":135,"minecraft:cod":2,"minecraft:white_wool":10,"minecraft:cobblestone":95,"minecraft:oxeye_daisy":1,"born_in_chaos_v1:corpse_maggot":2,"regions_unexplored:peat_dirt":14,"gnumus:gnumus_doubloons":7,"ecologics:walnut":1,"minecraft:feather":6,"iceandfire:sea_serpent_fang":5,"vampirism:item_tent":4,"gnumus:overripe_carrot":3,"gnumus:gnumus_pouch":4,"alexsmobs:bison_fur":1,"minecraft:tuff":7,"minecraft:oak_log":23,"minecraft:dirt":5,"minecraft:white_banner":1,"tombstone:gift":1,"gnumus:gnumus_pouch_2":4,"born_in_chaos_v1:monster_skin":5,"minecraft:cooked_mutton":8,"minecraft:bone":9,"minecraft:apple":2,"gnumus:gnumus_horn":1,"delightful:mini_melon":7,"minecraft:wheat_seeds":11,"minecraft:raw_gold":8,"minecraft:iron_ingot":10,"minecraft:cobweb":4,"minecraft:rabbit":3,"minecraft:bamboo":64,"galosphere:raw_silver":1,"minecraft:moss_block":2,"regions_unexplored:bamboo_log":17,"minecraft:cooked_porkchop":1,"minecraft:sweet_berries":2,"iceandfire:sea_serpent_scales_green":2,"vampirism:ring":2,"born_in_chaos_v1:ethereal_spirit":3,"regions_unexplored:oak_shrub":2,"minecraft:dripstone_block":6,"born_in_chaos_v1:dark_rod":1,"minecraft:white_bed":1,"minecraft:spruce_log":5,"biomesoplenty:flowering_oak_sapling":1,"regions_unexplored:cypress_log":3,"minecraft:slime_ball":11,"gnumus:gnumus_clay":21,"waystones:waystone":1,"minecraft:granite":1,"minecraft:emerald":2,"minecraft:oak_sapling":3,"tombstone:magic_scroll":1,"born_in_chaos_v1:rotten_fish":1,"minecraft:coal":42,"iceandfire:raw_silver":12},"minecraft:broken":{"minecraft:shield":2,"minecraft:iron_pickaxe":1,"minecraft:iron_helmet":1,"born_in_chaos_v1:wood_splitter_axe":1},"minecraft:crafted":{"minecraft:oak_planks":68,"regions_unexplored:cypress_planks":12,"minecraft:melon_slice":12,"ecologics:walnut_planks":16,"minecraft:furnace":3,"iceandfire:tide_teal_chestplate":1,"minecraft:cooked_mutton":9,"minecraft:iron_boots":1,"minecraft:iron_axe":1,"minecraft:stone_pickaxe":1,"minecraft:chest":1,"minecraft:cooked_rabbit":5,"minecraft:wheat":54,"minecraft:cooked_beef":9,"minecraft:crafting_table":8,"minecraft:spruce_planks":12,"minecraft:wooden_pickaxe":1,"minecraft:iron_helmet":2,"minecraft:bucket":1,"minecraft:stone_axe":1,"minecraft:bread":18,"minecraft:air":0,"minecraft:iron_chestplate":1,"minecraft:shield":2,"minecraft:stick":16,"minecraft:iron_ingot":47,"minecraft:iron_pickaxe":3,"minecraft:iron_leggings":2,"minecraft:gold_ingot":81,"minecraft:torch":8},"minecraft:mined":{"gnumus:baked_gnumus_clay_slab":1,"minecraft:tuff":7,"iceandfire:silver_ore":12,"alexsmobs:leafcutter_anthill":1,"biomesoplenty:desert_grass":1,"minecraft:granite":1,"biomesoplenty:bush":3,"minecraft:grass_block":2,"alexsmobs:leafcutter_ant_chamber":1,"minecraft:moss_block":2,"minecraft:hay_block":6,"minecraft:tall_seagrass":1,"gnumus:scion_weed":1,"minecraft:furnace":2,"minecraft:iron_ore":55,"treechop:chopped_log":5,"vampirism:tent":2,"minecraft:deepslate_iron_ore":4,"iceandfire:gold_pile":2,"gnumus:fragile_gnumus_jug":4,"betterarcheology:loot_vase":1,"minecraft:bamboo":2,"minecraft:stone":82,"minecraft:bone_block":154,"sophisticatedbackpacks:backpack":1,"regions_unexplored:cypress_log":2,"vampirism:tent_main":1,"minecraft:crafting_table":5,"regions_unexplored:peat_grass_block":3,"minecraft:tall_grass":3,"minecraft:cobblestone":11,"minecraft:diorite":1,"supplementaries:urn":4,"minecraft:grass":11,"minecraft:coal_ore":43,"delightful:mini_melon":7,"regions_unexplored:peat_dirt":11,"minecraft:dirt":3,"minecraft:fern":1,"autumnity:large_pumpkin_slice":1},"minecraft:dropped":{"minecraft:iron_ingot":16,"minecraft:wheat_seeds":11,"alexsdelight:raw_bison":3,"minecraft:oak_log":6,"ecologics:coconut_slice":4,"minecraft:iron_helmet":1,"ecologics:walnut_sapling":2,"delightful:green_tea_leaf":1,"minecraft:granite":1,"delightful:mini_melon":3,"vampirism:item_tent":1,"minecraft:coal":13,"alexsmobs:bison_fur":1,"minecraft:stick":1,"iceandfire:sea_serpent_scales_teal":4,"minecraft:oxeye_daisy":1,"minecraft:dirt":5,"gnumus:baked_gnumus_clay_slab":1,"minecraft:diorite":1,"biomesoplenty:flowering_oak_sapling":1,"tombstone:grave_dust":7,"minecraft:iron_leggings":2,"minecraft:gold_nugget":20,"minecraft:white_banner":1,"vampirism:ring":1,"minecraft:string":1,"ecologics:walnut_log":4,"minecraft:bone":3,"minecraft:stone_axe":1,"tombstone:gift":1,"minecraft:rotten_flesh":5,"minecraft:iron_boots":1,"regions_unexplored:oak_shrub":2,"minecraft:poppy":1,"minecraft:mangrove_log":2,"gnumus:gnumus_pouch_2":1,"minecraft:iron_chestplate":1,"born_in_chaos_v1:corpse_maggot":2,"minecraft:oak_sapling":3,"minecraft:carved_pumpkin":1,"minecraft:stone_pickaxe":1,"minecraft:wooden_pickaxe":1,"iceandfire:sea_serpent_fang":5,"iceandfire:manuscript":22},"minecraft:used":{"minecraft:chest":1,"minecraft:shield":63,"autumnity:large_pumpkin_slice":1,"minecraft:torch":6,"iceandfire:copper_sword":2,"vampirism:item_tent":3,"minecraft:iron_axe":44,"minecraft:furnace":3,"tombstone:gift":4,"ecologics:walnut":1,"minecraft:cooked_beef":3,"minecraft:cooked_mutton":17,"minecraft:water_bucket":9,"minecraft:stone_pickaxe":64,"regions_unexplored:peat_dirt":10,"minecraft:wooden_pickaxe":11,"minecraft:crafting_table":8,"minecraft:apple":2,"gnumus:gnumus_chickpeas":3,"minecraft:bread":19,"minecraft:melon_slice":12,"minecraft:iron_pickaxe":310,"minecraft:stone_axe":79,"minecraft:cobblestone":58,"born_in_chaos_v1:rotten_fish":1,"minecraft:cooked_porkchop":1,"minecraft:cooked_rabbit":6,"minecraft:bucket":10,"born_in_chaos_v1:wood_splitter_axe":150},"minecraft:custom":{"minecraft:mob_kills":71,"minecraft:interact_with_crafting_table":36,"minecraft:open_barrel":3,"minecraft:interact_with_campfire":11,"minecraft:damage_dealt_resisted":105,"minecraft:leave_game":4,"minecraft:time_since_death":11268,"minecraft:sprint_one_cm":273634,"minecraft:walk_one_cm":382588,"minecraft:damage_blocked_by_shield":3210,"minecraft:drop":66,"minecraft:play_time":170814,"minecraft:sneak_time":4191,"minecraft:deaths":12,"minecraft:walk_under_water_one_cm":47398,"minecraft:jump":2535,"minecraft:total_world_time":170814,"minecraft:walk_on_water_one_cm":34152,"minecraft:interact_with_furnace":41,"minecraft:time_since_rest":11118,"minecraft:damage_taken":7309,"minecraft:trigger_trapped_chest":3,"minecraft:damage_dealt":16431,"minecraft:swim_one_cm":77926,"minecraft:fly_one_cm":529901,"minecraft:open_chest":65,"minecraft:crouch_one_cm":7705,"tombstone:undead_killed":23,"minecraft:fall_one_cm":61987}},"DataVersion":3465}